Vestigingsadres:,company,KvK-nummer:,Postcode:,Webadres:
Potklei 5,Indi.nl,54166632,9351 VS LEEK,www.indi.nl
Oosterdoksstraat 80,Zamro B.V.,65316673,1011 DK Amsterdam,www.zamro.nl
Willem Beukelszstraat 16,Paardekooper Verpakkingen B.V.,24140408,3261 LV Oud-Beijerland,www.paardekooper.nl
Baarsdorpermeer 9,Steigervoorweinig.nl,17199713,1652 CW Zuidermeer,www.steigervoorweinig.nl
Zeelandhaven 6,Degros,66497728,3433 PL Nieuwegein,www.degros.nl
De Vesting 14,Phoenix Import,05050712,7722 GA Dalfsen,www.phoeniximport.nl
Handelsweg 110,Alternate Nederland,24287108,2988 DC Ridderkerk,www.alternate.nl
Boekelerdijk 13,MKB-afval.nl,34070461,1812 LV Alkmaar,www.mkb-afval.nl
Boekelerdijk 13,Stiho-afval.nl,04078806,1812 LV Alkmaar,www.stiho-afval.nl
Dr. C.J.K. van Aalstweg 8F-401,Mediabookers.nl,59022191,1625 NV HOORN,wwww.mediabookers.nl
Nispenstraat 32,Pointofsale.nl,12059454,5045 MR TILBURG,www.pointofsale.nl/
Emopad 37B,Offacility,62933116,5663 PA Geldrop,www.offacility.nl
Parallelweg 9,Kapperskorting.com,09208658,7141 DL GROENLO,wwww.kapperskorting.com/
Seggelant Noord 6,Team Jos B.V.,60943289,3237 MG Brielle - Vierpolders,www.teamjos.nl
Damzigt 30,Indini B.V.,30264097,3454 PS De Meern,https://www.indini.com
Stationsweg 416,IPC-Online,32079950,3925 CG Scherpenzeel,www.ipc-online.nl/
Harfsenseweg 1,X-masgiftsonline,08218487,7245 PA Laren Gld,www.xmasgiftsonline.nl 
Atlasstraat 1,Saint-Gobain Distribution the Netherlands B.V.,23077157,5047 RG Tilburg,www.blauw.pro 
Hoogstraat 5,Bureaustoelshop.nl,65638603,5462 CW Veghel,www.bureaustoelshop.nl
Ekkelgaarden 26,KLIUM Nederland,027303384,3500 HASSELT,www.klium.nl/ 
Loperweg 8,KartonnenWinkel.nl,13033889,6101 AE Echt,www.kartonnenwinkel.nl
Rondebeltweg 102,Staples Nederland B.V.,33272529,1329 BH Almere,www.staples.nl/ 
Schrijnwerkersstraat 10,Grammer.nl (van Eblo Seating B.V.),24161817,3334 KH Zwijndrecht,https://grammer.nl/
Linnewever 5,Solits,30175883,2292 JG Wateringen,www.sokkel.nl
Hoogstraat 5,Slimshops,65638603,5462 CW Veghel,www.slimshops.nl
Hoogstraat 5,Kantoormeubelwinkel.com,65638603,5462 CW Veghel,www.kantoormeubelwinkel.com
Hoogstraat 5,Kantoorartikelenwinkel.com,65638603,5462 CW Veghel,www.kantoorartikelenwinkel.com
Kerkenbos 1103C,Proforto.nl,62922351,6546 BC Nijmegen,www.proforto.nl
Luchthavenlei 7B,CleanDeal,BE0478875736,"2100 Deurne, België            ",www.cleandeal.nl
Industrieweg 19a            ,Alert Materials Handling B.V.,28086239,5753 PB Deurne            ,www.alertshop.nl
Koelmalaan 350 Unit 0.04,Mijn IJzerwaren B.V.,62056506,1812 PS ALKMAAR,www.mijnijzerwaren.nl
Weena 290,Orange Business Group B.V. - Maxisafety,24474973,3012 NJ Rotterdam,www.maxisafety.nl
Hoogveld 10a,MPG Mortel B.V. ,67302475,6598 BL Heijen,www.drogemortel.nl
Zeelandhaven 5-E            ,byADELAAR,65944917            ,3433 PL Nieuwegein,https://www.byadelaar.nl/            
Berkveld 1,Janssen-Fritsen,17110460            ,5709 AE Helmond,http://www.janssen-fritsen.nl/
Delfweg 2,Twinpack,28048546,2211 VM Noordwijkerhout,www.twinpack.nl
Van der Waalsweg 9,Hygienepapier.nl,69835446,3241 ME Middelharnis,www.hygienepapier.nl
Laan van Brabant 22-28,Kinderspel,67706517,4701 BK Roosendaal,www.kinderspel.net
Riga 3,Laspartners Multiweld,24240690,2993 LW Barendrecht,www.lpmw.nl
Kranebittenbaan 22,Buiskoppelingshop.nl,57415447,3045 AW Rotterdam,www.buiskoppelingshop.nl
Noordeinde 206,Albeka.nl,23082521,4441LW Hendrik Ido Ambacht,www.albeka.nl
Groeneweg 22,De Verpakkingswinkel,14044261,6041 AX Roermond,www.deverpakkingswinkel.com
Industrieweg 24-B,Plankencentrale.nl,67495214,6871 KA Renkum,www.plankencentrale.nl
Cereslaan 10,Industrialpc4u,17140959,5384 VT Heesch,www.industrialpc4u.com
Cereslaan 10,Panelpc4u,17140959,5384 VT Heesch,www.panelpc4u.com
Cereslaan 10,Abigo4u,17140959,5384 VT Heesch,www.abigo4u.com
